URL,sku,price,upc,title
https://wholesale.primitivesbykathy.com/garland-florals-102562,#102562,$14.50,190134025625,Garland - Florals
https://wholesale.primitivesbykathy.com/mug-ride-shine-35018,#35018,,883504350181,Mug - Ride & Shine
https://wholesale.primitivesbykathy.com/tray-enjoy-life-101796,#101796,$11.50,190134017965,Tray - Enjoy Life
https://wholesale.primitivesbykathy.com/tin-buckets-begin-each-day-with-a-grateful-heart-101870,#101870,$24.50,190134018702,Tin Buckets - Begin Each Day With A Grateful Heart
https://wholesale.primitivesbykathy.com/pillow-bunny-103061,#103061,$11.50,190134030612,Pillow - Bunny
https://wholesale.primitivesbykathy.com/pillow-geo-flower-103375,#103375,$29.50,190134033750,Pillow - Geo Flower
https://wholesale.primitivesbykathy.com/wall-decor-cacti-102546,#102546,$17.50,190134025465,Wall Decor - Cacti
https://wholesale.primitivesbykathy.com/inset-box-sign-live-life-in-full-bloom-101835,#101835,$10.50,190134018351,Inset Box Sign - Live Life In Full Bloom
https://wholesale.primitivesbykathy.com/wall-decor-single-fern-102533,#102533,$8.50,190134025335,Wall Decor - Single Fern
https://wholesale.primitivesbykathy.com/dish-towel-love-makes-a-house-a-home-101739,#101739,$7.50,190134017392,Dish Towel - Love Makes A House A Home
https://wholesale.primitivesbykathy.com/chunky-sitter-its-good-to-be-queen-133241,#133241,$3.50,190134332419,Chunky Sitter - It's Good To Be Queen
https://wholesale.primitivesbykathy.com/box-sign-dad-amazing-loving-strong-happy-103472,#103472,$6.00,190134034726,Box Sign - Dad Amazing Loving Strong Happy
https://wholesale.primitivesbykathy.com/dish-towel-appreciate-the-little-things-102230,#102230,$5.50,190134022303,Dish Towel - Appreciate The Little Things
https://wholesale.primitivesbykathy.com/dish-towel-probably-haunted-36941,#36941,,883504369411,Dish Towel - Probably Haunted
https://wholesale.primitivesbykathy.com/wine-glass-love-the-wine-youre-with-102619,#102619,$8.50,190134026196,Wine Glass - Love The Wine You're With
https://wholesale.primitivesbykathy.com/dish-towel-bunnies-bring-blessings-of-abundance-103070,#103070,$4.00,190134030704,Dish Towel - Bunnies Bring Blessings Of Abundance
https://wholesale.primitivesbykathy.com/floral-lavender-in-jar-102350,#102350,$5.00,190134023508,Floral - Lavender In Jar
https://wholesale.primitivesbykathy.com/tray-make-today-amazing-102803,#102803,$9.50,190134028039,Tray - Make Today Amazing
https://wholesale.primitivesbykathy.com/stand-up-happy-easter-101232,#101232,$6.50,190134012328,Stand Up - Happy Easter
https://wholesale.primitivesbykathy.com/bunny-standing-white-102254,#102254,$6.75,190134022549,Bunny Standing - White
https://wholesale.primitivesbykathy.com/bin-set-bee-133250,#133250,$22.50,190134332501,Bin Set - Bee
https://wholesale.primitivesbykathy.com/pillow-a-simple-life-is-a-good-life-102663,#102663,$13.50,190134026639,Pillow - A Simple Life Is A Good Life
https://wholesale.primitivesbykathy.com/bottle-tag-youre-drinking-29976,#29976,,883504299763,Bottle Tag - You're Drinking
https://wholesale.primitivesbykathy.com/teardrop-rosette-succulent-102628,#102628,$5.00,190134026288,Teardrop - Rosette Succulent
https://wholesale.primitivesbykathy.com/block-sign-nurture-your-soul-102238,#102238,$4.50,190134022389,Block Sign - Nurture Your Soul
https://wholesale.primitivesbykathy.com/sitter-ceramic-bunny-103798,#103798,$6.50,190134037987,Sitter - Ceramic Bunny
https://wholesale.primitivesbykathy.com/list-notepad-floral-heart-102026,#102026,$1.75,190134020262,List Notepad - Floral Heart
https://wholesale.primitivesbykathy.com/box-sign-mothers-like-you-are-precious-and-few-103464,#103464,$5.00,190134034641,Box Sign - Mothers Like You Are Precious And Few
https://wholesale.primitivesbykathy.com/block-sign-love-you-always-101910,#101910,$4.50,190134019105,Block Sign - Love You Always
https://wholesale.primitivesbykathy.com/sm-bottle-brush-carrot-102611,#102611,$5.00,190134026110,Sm Bottle Brush Carrot
https://wholesale.primitivesbykathy.com/pillow-home-for-the-holidays-36712,#36712,,883504367127,Pillow - Home For The Holidays
https://wholesale.primitivesbykathy.com/dish-towel-you-are-so-loved-102566,#102566,$7.50,190134025663,Dish Towel - You Are So Loved
https://wholesale.primitivesbykathy.com/list-notepad-live-life-in-full-bloom-101840,#101840,$1.75,190134018405,List Notepad - Live Life In Full Bloom
https://wholesale.primitivesbykathy.com/inset-box-sign-blessed-101788,#101788,$17.50,190134017880,Inset Box Sign - Blessed
https://wholesale.primitivesbykathy.com/wall-decor-campanula-102539,#102539,$24.50,190134025397,Wall Decor - Campanula
https://wholesale.primitivesbykathy.com/figurine-lg-buddha-head-102893,#102893,$7.00,190134028930,Figurine - Lg Buddha Head
https://wholesale.primitivesbykathy.com/wall-decor-cauliflower-102522,#102522,$16.50,190134025229,Wall Decor - Cauliflower
https://wholesale.primitivesbykathy.com/block-sign-my-soul-is-made-of-wildflowers-102365,#102365,$5.00,190134023652,Block Sign - My Soul Is Made Of Wildflowers
https://wholesale.primitivesbykathy.com/pot-short-blue-102877,#102877,$12.50,190134028770,Pot - Short Blue
https://wholesale.primitivesbykathy.com/dish-towel-today-is-a-good-day-102818,#102818,$5.50,190134028183,Dish Towel - Today Is A Good Day
https://wholesale.primitivesbykathy.com/dish-towel-love-is-being-stupid-together-101715,#101715,$4.00,190134017156,Dish Towel - Love Is Being Stupid Together
https://wholesale.primitivesbykathy.com/box-sign-gather-together-36745,#36745,,883504367455,Box Sign - Gather Together
https://wholesale.primitivesbykathy.com/bucket-set-be-beautiful-102802,#102802,$19.50,190134028022,Bucket Set - Be Beautiful
https://wholesale.primitivesbykathy.com/bunny-crouching-white-102253,#102253,$4.00,190134022532,Bunny Crouching - White
https://wholesale.primitivesbykathy.com/jar-hen-chick-102349,#102349,$5.50,190134023492,Jar - Hen & Chick
https://wholesale.primitivesbykathy.com/stand-up-hatched-chick-101231,#101231,$6.50,190134012311,Stand Up - Hatched Chick
https://wholesale.primitivesbykathy.com/block-sign-spread-love-everywhere-you-go-101741,#101741,$5.00,190134017415,Block Sign - Spread Love Everywhere You Go
https://wholesale.primitivesbykathy.com/planter-owl-102440,#102440,$8.00,190134024406,Planter - Owl
https://wholesale.primitivesbykathy.com/spiral-notebook-be-still-and-know-102828,#102828,$5.00,190134028282,Spiral Notebook - Be Still And Know
https://wholesale.primitivesbykathy.com/photo-block-sweet-like-honey-101725,#101725,$7.50,190134017255,Photo Block - Sweet Like Honey
https://wholesale.primitivesbykathy.com/block-sign-find-beauty-in-simplicity-102812,#102812,$3.50,190134028121,Block Sign - Find Beauty In Simplicity
https://wholesale.primitivesbykathy.com/mini-frame-you-are-so-loved-101709,#101709,$5.00,190134017095,Mini Frame - You Are So Loved
https://wholesale.primitivesbykathy.com/floral-fern-in-jar-102359,#102359,$7.00,190134023591,Floral - Fern In Jar
https://wholesale.primitivesbykathy.com/floral-white-lilac-102343,#102343,$7.00,190134023430,Floral - White Lilac
https://wholesale.primitivesbykathy.com/block-sign-be-kind-102672,#102672,$5.00,190134026721,Block Sign - Be Kind
https://wholesale.primitivesbykathy.com/dish-towel-i-love-that-youre-my-dad-39945,#39945,$4.00,883504399456,Dish Towel - I Love That You're My Dad
https://wholesale.primitivesbykathy.com/block-sign-lucky-blessed-102240,#102240,$4.50,190134022402,Block Sign - Lucky & Blessed
https://wholesale.primitivesbykathy.com/oval-planter-multi-succulent-102630,#102630,$10.00,190134026301,Oval Planter - Multi Succulent
https://wholesale.primitivesbykathy.com/box-sign-if-i-ever-go-missing-follow-my-kids-103466,#103466,$5.00,190134034665,Box Sign - If I Ever Go Missing Follow My Kids
https://wholesale.primitivesbykathy.com/planter-cracked-egg-shape-103800,#103800,$5.00,190134038007,Planter - Cracked Egg Shape
https://wholesale.primitivesbykathy.com/list-notepad-with-you-102028,#102028,$1.75,190134020286,List Notepad - With You
https://wholesale.primitivesbykathy.com/floral-fern-in-pot-102613,#102613,$9.50,190134026134,Floral - Fern In Pot
https://wholesale.primitivesbykathy.com/floral-mini-tulip-cream-102354,#102354,$6.75,190134023546,Floral - Mini Tulip - Cream
https://wholesale.primitivesbykathy.com/mug-enjoy-the-moments-102807,#102807,$6.50,190134028077,Mug - Enjoy The Moments
https://wholesale.primitivesbykathy.com/photo-block-youre-the-bees-knees-133247,#133247,$4.00,190134332471,Photo Block - You're The Bees Knees
https://wholesale.primitivesbykathy.com/dish-towel-floral-heart-love-you-more-102023,#102023,$7.50,190134020231,Dish Towel - Floral Heart - Love You More
https://wholesale.primitivesbykathy.com/chunky-sitter-so-blessed-102586,#102586,$4.00,190134025861,Chunky Sitter - So Blessed
https://wholesale.primitivesbykathy.com/planter-purple-glazed-102624,#102624,$9.00,190134026240,Planter - Purple Glazed
https://wholesale.primitivesbykathy.com/pitcher-lady-bug-nurture-your-soul-102235,#102235,$8.50,190134022358,Pitcher - Lady Bug - Nurture Your Soul
https://wholesale.primitivesbykathy.com/figurine-bunny-103786,#103786,$6.00,190134037864,Figurine - Bunny
https://wholesale.primitivesbykathy.com/box-sign-make-your-dad-proud-103461,#103461,$5.00,190134034610,Box Sign - Make Your Dad Proud
https://wholesale.primitivesbykathy.com/list-notepad-love-notes-101914,#101914,$1.75,190134019143,List Notepad - Love Notes
https://wholesale.primitivesbykathy.com/runner-live-simply-102570,#102570,$18.50,190134025700,Runner - Live Simply
https://wholesale.primitivesbykathy.com/trinket-tray-glasses-keys-35109,#35109,,883504351096,Trinket Tray - Glasses & Keys
https://wholesale.primitivesbykathy.com/planter-round-face-102445,#102445,$9.00,190134024451,Planter - Round Face
https://wholesale.primitivesbykathy.com/block-sign-live-wild-free-102364,#102364,$5.00,190134023645,Block Sign - Live Wild & Free
https://wholesale.primitivesbykathy.com/rug-welcome-to-our-home-102833,#102833,$15.00,190134028336,Rug - Welcome To Our Home
https://wholesale.primitivesbykathy.com/wall-decor-hello-spring-101730,#101730,$6.50,190134017309,Wall Decor - Hello Spring
https://wholesale.primitivesbykathy.com/block-sign-speak-softly-102817,#102817,$4.50,190134028176,Block Sign - Speak Softly
https://wholesale.primitivesbykathy.com/ornament-wishing-a-season-filled-with-merriment-100637,#100637,,190134006372,Ornament - Wishing A Season Filled With Merriment
https://wholesale.primitivesbykathy.com/dish-towel-love-lives-here-101714,#101714,$4.00,190134017149,Dish Towel - Love Lives Here
https://wholesale.primitivesbykathy.com/jar-sm-leaf-succulent-102348,#102348,$5.50,190134023485,Jar - Sm Leaf Succulent
https://wholesale.primitivesbykathy.com/bunny-sitting-white-102252,#102252,$6.75,190134022525,Bunny Sitting - White
https://wholesale.primitivesbykathy.com/napkin-set-botanical-102677,#102677,$12.00,190134026776,Napkin Set - Botanical
https://wholesale.primitivesbykathy.com/stand-up-chick-with-bonnet-101230,#101230,$6.50,190134012304,Stand Up - Chick With Bonnet
https://wholesale.primitivesbykathy.com/dish-towel-love-grows-here-102658,#102658,$7.50,190134026585,Dish Towel - Love Grows Here
https://wholesale.primitivesbykathy.com/hanging-pot-blue-102876,#102876,$9.50,190134028763,Hanging Pot - Blue
https://wholesale.primitivesbykathy.com/pillow-floral-bunny-102018,#102018,$14.50,190134020187,Pillow - Floral Bunny
https://wholesale.primitivesbykathy.com/words-of-wisdom-worlds-greatest-mom-103456,#103456,$7.00,190134034566,Words Of Wisdom - World's Greatest Mom
https://wholesale.primitivesbykathy.com/block-sign-bee-happy-102581,#102581,$4.50,190134025816,Block Sign - Bee Happy
https://wholesale.primitivesbykathy.com/dish-towel-my-heart-is-full-101909,#101909,$7.00,190134019099,Dish Towel - My Heart Is Full
https://wholesale.primitivesbykathy.com/round-placemat-floral-102565,#102565,$6.50,190134025656,Round Placemat - Floral
https://wholesale.primitivesbykathy.com/pillow-lets-stay-home-101873,#101873,$9.50,190134018733,Pillow - Let's Stay Home
https://wholesale.primitivesbykathy.com/block-sign-see-the-good-102549,#102549,$9.50,190134025496,Block Sign - See The Good
https://wholesale.primitivesbykathy.com/block-sign-dad-my-favorite-parent-dont-tell-mom-103389,#103389,$4.00,190134033897,Block Sign - Dad My Favorite Parent Don't Tell Mom
https://wholesale.primitivesbykathy.com/inset-box-sign-hum-of-bees-103064,#103064,$5.00,190134030643,Inset Box Sign - Hum Of Bees
https://wholesale.primitivesbykathy.com/dish-towel-let-your-dreams-blossom-101834,#101834,$5.50,190134018344,Dish Towel - Let Your Dreams Blossom
https://wholesale.primitivesbykathy.com/spiral-notebook-grow-through-what-you-go-through-102373,#102373,$5.00,190134023737,Spiral Notebook - Grow Through What You Go Through
https://wholesale.primitivesbykathy.com/pillow-my-mom-33062,#33062,,883504330626,Pillow - My Mom
https://wholesale.primitivesbykathy.com/block-sign-the-earth-laughs-in-flowers-101723,#101723,$7.00,190134017231,Block Sign - The Earth Laughs In Flowers
https://wholesale.primitivesbykathy.com/spiral-notebook-today-is-a-good-day-102826,#102826,$5.00,190134028268,Spiral Notebook - Today Is A Good Day
https://wholesale.primitivesbykathy.com/floral-faux-plant-102357,#102357,$6.00,190134023577,Floral - Faux Plant
https://wholesale.primitivesbykathy.com/inset-box-sign-expect-big-things-102810,#102810,$8.50,190134028107,Inset Box Sign - Expect Big Things
https://wholesale.primitivesbykathy.com/floral-white-ranunculus-102341,#102341,$8.50,190134023416,Floral - White Ranunculus
https://wholesale.primitivesbykathy.com/inset-box-sign-i-found-the-one-my-soul-loves-101707,#101707,$9.50,190134017071,Inset Box Sign - I Found The One My Soul Loves
https://wholesale.primitivesbykathy.com/block-sign-love-big-102670,#102670,$5.00,190134026707,Block Sign - Love Big
https://wholesale.primitivesbykathy.com/mug-i-love-that-youre-my-mom-39934,#39934,$6.50,883504399340,Mug - I Love That You're My Mom
https://wholesale.primitivesbykathy.com/seagrass-square-container-102651,#102651,$3.50,190134026516,Seagrass Square Container
https://wholesale.primitivesbykathy.com/spiral-notebook-lucky-blessed-102245,#102245,$5.00,190134022457,Spiral Notebook - Lucky & Blessed
https://wholesale.primitivesbykathy.com/chunky-sitter-bee-133240,#133240,$3.50,190134332402,Chunky Sitter - Bee
https://wholesale.primitivesbykathy.com/dish-towel-lucky-blessed-102229,#102229,$5.50,190134022297,Dish Towel - Lucky & Blessed
https://wholesale.primitivesbykathy.com/pot-sm-light-blue-102889,#102889,$7.00,190134028893,Pot - Sm Light Blue
https://wholesale.primitivesbykathy.com/garland-forsythia-102618,#102618,$14.50,190134026189,Garland - Forsythia
https://wholesale.primitivesbykathy.com/block-sign-good-vibes-only-101784,#101784,$4.50,190134017842,Block Sign - Good Vibes Only
https://wholesale.primitivesbykathy.com/wreath-sm-egg-with-feathers-102517,#102517,$10.00,190134025175,Wreath - Sm Egg With Feathers
https://wholesale.primitivesbykathy.com/pot-short-pink-102873,#102873,$7.00,190134028732,Pot - Short Pink
https://wholesale.primitivesbykathy.com/runner-bee-101759,#101759,$16.50,190134017590,Runner - Bee
https://wholesale.primitivesbykathy.com/pick-pom-mix-blue-102491,#102491,$3.50,190134024918,Pick - Pom Mix Blue
https://wholesale.primitivesbykathy.com/mini-frame-always-better-together-102856,#102856,$3.00,190134028565,Mini Frame - Always Better Together
https://wholesale.primitivesbykathy.com/dish-towel-home-sweet-home-101735,#101735,$7.50,190134017354,Dish Towel - Home Sweet Home
https://wholesale.primitivesbykathy.com/plaque-frame-be-you-tiful-102822,#102822,$6.00,190134028220,Plaque Frame - Be-you-tiful
https://wholesale.primitivesbykathy.com/market-tote-live-wild-free-102369,#102369,$4.75,190134023690,Market Tote - Live Wild & Free
https://wholesale.primitivesbykathy.com/wall-decor-happy-easter-101719,#101719,$14.50,190134017194,Wall Decor - Happy Easter
https://wholesale.primitivesbykathy.com/pillow-love-you-to-the-moon-back-34078,#34078,,883504340786,Pillow - Love You To The Moon & Back
https://wholesale.primitivesbykathy.com/floral-mini-tulip-red-102353,#102353,$6.75,190134023539,Floral - Mini Tulip - Red
https://wholesale.primitivesbykathy.com/mug-make-today-amazing-102806,#102806,$6.50,190134028060,Mug - Make Today Amazing
https://wholesale.primitivesbykathy.com/chunky-sitter-easter-101511,#101511,$6.00,190134015114,Chunky Sitter - Easter
https://wholesale.primitivesbykathy.com/wall-decor-double-fern-102534,#102534,$8.50,190134025342,Wall Decor - Double Fern
https://wholesale.primitivesbykathy.com/dish-towel-hello-spring-101734,#101734,$7.50,190134017347,Dish Towel - Hello Spring
https://wholesale.primitivesbykathy.com/dish-towel-dream-big-102821,#102821,$5.50,190134028213,Dish Towel - Dream Big
https://wholesale.primitivesbykathy.com/block-sign-grow-through-what-you-go-through-102368,#102368,$5.00,190134023683,Block Sign - Grow Through What You Go Through
https://wholesale.primitivesbykathy.com/inset-box-sign-my-garden-feeds-my-soul-103062,#103062,$8.50,190134030629,Inset Box Sign - My Garden Feeds My Soul
https://wholesale.primitivesbykathy.com/canister-dream-big-live-simply-spread-love-101871,#101871,$9.50,190134018719,Canister - Dream Big Live Simply Spread Love
https://wholesale.primitivesbykathy.com/block-sign-stay-awhile-102547,#102547,$4.50,190134025472,Block Sign - Stay Awhile
https://wholesale.primitivesbykathy.com/dish-towel-oh-sweet-spring-101832,#101832,$5.50,190134018320,Dish Towel - Oh Sweet Spring
https://wholesale.primitivesbykathy.com/vase-divot-102885,#102885,$12.50,190134028855,Vase - Divot
https://wholesale.primitivesbykathy.com/slat-box-sign-what-is-done-in-love-is-done-well-101780,#101780,$14.50,190134017804,Slat Box Sign - What Is Done In Love Is Done Well
https://wholesale.primitivesbykathy.com/wall-decor-tomato-102530,#102530,$14.50,190134025304,Wall Decor - Tomato
https://wholesale.primitivesbykathy.com/wall-decor-farmhouse-kitchen-102869,#102869,$13.50,190134028695,Wall Decor - Farmhouse Kitchen
https://wholesale.primitivesbykathy.com/vase-tall-fern-102503,#102503,$8.50,190134025038,Vase - Tall Fern
https://wholesale.primitivesbykathy.com/spiral-notebook-be-happy-101755,#101755,$5.00,190134017552,Spiral Notebook - Be Happy
https://wholesale.primitivesbykathy.com/pick-salvia-mix-white-102487,#102487,$3.50,190134024871,Pick - Salvia Mix White
https://wholesale.primitivesbykathy.com/spiral-notebook-my-soul-is-made-of-wildflowers-102372,#102372,$5.00,190134023720,Spiral Notebook - My Soul Is Made Of Wildflowers
https://wholesale.primitivesbykathy.com/inset-box-sign-he-is-risen-101718,#101718,$11.50,190134017187,Inset Box Sign - He Is Risen
https://wholesale.primitivesbykathy.com/mini-frame-love-always-102825,#102825,$3.00,190134028251,Mini Frame - Love Always
https://wholesale.primitivesbykathy.com/dish-towel-life-lived-in-love-will-never-be-dull-101738,#101738,$7.50,190134017385,Dish Towel - Life Lived In Love Will Never Be Dull
https://wholesale.primitivesbykathy.com/block-sign-youre-the-best-part-of-my-day-102851,#102851,$3.50,190134028510,Block Sign - You're The Best Part Of My Day
https://wholesale.primitivesbykathy.com/glitter-eggs-lg-pink-102257,#102257,$3.00,190134022570,Glitter Eggs - Lg Pink
https://wholesale.primitivesbykathy.com/inset-box-sign-let-all-you-do-be-done-in-love-102811,#102811,$6.50,190134028114,Inset Box Sign - Let All You Do Be Done In Love
https://wholesale.primitivesbykathy.com/list-notepad-spring-is-in-the-air-101731,#101731,$1.75,190134017316,List Notepad - Spring Is In The Air
https://wholesale.primitivesbykathy.com/glitter-eggs-small-pink-102255,#102255,$2.00,190134022556,Glitter Eggs - Small Pink
https://wholesale.primitivesbykathy.com/chunky-sitter-spring-101233,#101233,$7.00,190134012335,Chunky Sitter - Spring
https://wholesale.primitivesbykathy.com/zipper-pouch-see-the-good-102664,#102664,$9.50,190134026646,Zipper Pouch - See The Good
https://wholesale.primitivesbykathy.com/plaque-frame-and-then-there-was-you-101708,#101708,$7.50,190134017088,Plaque Frame - And Then There Was You
https://wholesale.primitivesbykathy.com/pitcher-happy-humble-133251,#133251,$8.50,190134332518,Pitcher - Happy Humble
https://wholesale.primitivesbykathy.com/round-planter-purple-rosette-102629,#102629,$7.00,190134026295,Round Planter - Purple Rosette
https://wholesale.primitivesbykathy.com/block-sign-good-luck-vibes-102239,#102239,$3.50,190134022396,Block Sign - Good Luck Vibes
https://wholesale.primitivesbykathy.com/sitter-bunny-puzzle-103799,#103799,$9.50,190134037994,Sitter - Bunny Puzzle
https://wholesale.primitivesbykathy.com/list-notepad-love-102027,#102027,$1.75,190134020279,List Notepad - Love
https://wholesale.primitivesbykathy.com/box-sign-my-mother-was-right-about-everything-103465,#103465,$5.00,190134034658,Box Sign - My Mother Was Right About Everything
https://wholesale.primitivesbykathy.com/accent-ball-daisy-101918,#101918,$3.00,190134019181,Accent Ball - Daisy
https://wholesale.primitivesbykathy.com/bottle-brush-carrots-102612,#102612,$9.00,190134026127,Bottle Brush Carrots
https://wholesale.primitivesbykathy.com/dish-towel-bee-happy-102574,#102574,$6.00,190134025748,Dish Towel - Bee Happy
https://wholesale.primitivesbykathy.com/pillow-youre-the-mom-everyone-wishes-they-had-103408,#103408,$9.50,190134034085,Pillow - You're The Mom Everyone Wishes They Had
https://wholesale.primitivesbykathy.com/pillow-believe-32305,#32305,,883504323055,Pillow - Believe
https://wholesale.primitivesbykathy.com/hanging-decor-grateful-heart-102559,#102559,$10.50,190134025595,Hanging Decor - Grateful Heart
https://wholesale.primitivesbykathy.com/lg-notebook-set-bee-kind-words-are-like-honey-101866,#101866,$4.00,190134018665,Lg Notebook Set - Bee - Kind Words Are Like Honey
https://wholesale.primitivesbykathy.com/pillow-pink-flocked-103372,#103372,$19.50,190134033729,Pillow - Pink Flocked
https://wholesale.primitivesbykathy.com/wall-decor-water-hemlock-102543,#102543,$22.50,190134025434,Wall Decor - Water Hemlock
https://wholesale.primitivesbykathy.com/vase-basket-weave-102897,#102897,$14.50,190134028978,Vase - Basket Weave
https://wholesale.primitivesbykathy.com/list-notepad-blessed-101792,#101792,$1.75,190134017927,List Notepad - Blessed
https://wholesale.primitivesbykathy.com/wall-decor-aster-102526,#102526,$14.50,190134025267,Wall Decor - Aster
https://wholesale.primitivesbykathy.com/vase-tall-blue-102881,#102881,$14.50,190134028817,Vase - Tall Blue
https://wholesale.primitivesbykathy.com/ornament-love-deeply-101768,#101768,$3.00,190134017682,Ornament - Love Deeply
https://wholesale.primitivesbykathy.com/pick-thistle-mix-yellow-102499,#102499,$3.50,190134024994,Pick - Thistle Mix Yellow
https://wholesale.primitivesbykathy.com/list-notepad-believe-in-magic-moments-101750,#101750,$1.75,190134017507,List Notepad - Believe In Magic Moments
https://wholesale.primitivesbykathy.com/wall-decor-grow-through-what-you-go-through-102865,#102865,$6.00,190134028657,Wall Decor - Grow Through What You Go Through
https://wholesale.primitivesbykathy.com/planter-turquoise-top-102450,#102450,$9.00,190134024505,Planter - Turquoise Top
https://wholesale.primitivesbykathy.com/list-notepad-be-kind-102837,#102837,$1.75,190134028374,List Notepad - Be Kind
https://wholesale.primitivesbykathy.com/dish-towel-love-and-bee-loved-101902,#101902,$4.00,190134019020,Dish Towel - Love And Bee Loved
https://wholesale.primitivesbykathy.com/chalk-sign-time-to-enjoy-26880,#26880,,883504268806,Chalk Sign - Time to Enjoy
https://wholesale.primitivesbykathy.com/block-sign-kind-133243,#133243,$4.50,190134332433,Block Sign - Kind
https://wholesale.primitivesbykathy.com/hinged-box-good-luck-vibes-102232,#102232,$5.50,190134022327,Hinged Box - Good Luck Vibes
https://wholesale.primitivesbykathy.com/dish-towel-create-a-buzz-103538,#103538,$4.50,190134035389,Dish Towel - Create A Buzz
https://wholesale.primitivesbykathy.com/planter-gray-glazed-102621,#102621,$9.00,190134026219,Planter - Gray Glazed
https://wholesale.primitivesbykathy.com/list-notepad-live-life-in-full-bloom-102020,#102020,$1.75,190134020200,List Notepad - Live Life In Full Bloom
https://wholesale.primitivesbykathy.com/pillow-spread-love-38737,#38737,,883504387378,Pillow - Spread Love
https://wholesale.primitivesbykathy.com/words-of-wisdom-grandma-rules-103458,#103458,$7.00,190134034580,Words Of Wisdom - Grandma Rules
https://wholesale.primitivesbykathy.com/block-sign-choose-happy-102583,#102583,$5.00,190134025830,Block Sign - Choose Happy
https://wholesale.primitivesbykathy.com/block-sign-xoxo-101911,#101911,$3.50,190134019112,Block Sign - XOXO
https://wholesale.primitivesbykathy.com/wall-decor-wish-102567,#102567,$12.50,190134025670,Wall Decor - Wish
https://wholesale.primitivesbykathy.com/lg-notebook-set-plant-dreams-101895,#101895,$4.00,190134018955,Lg Notebook Set - Plant Dreams
https://wholesale.primitivesbykathy.com/inset-box-sign-enjoy-life-102551,#102551,$11.50,190134025519,Inset Box Sign - Enjoy Life
https://wholesale.primitivesbykathy.com/mini-frame-my-daughter-gave-me-this-frame-103391,#103391,$3.00,190134033910,Mini Frame - My Daughter Gave Me This Frame
https://wholesale.primitivesbykathy.com/wall-decor-rabbit-103066,#103066,$16.50,190134030667,Wall Decor - Rabbit
https://wholesale.primitivesbykathy.com/box-sign-he-makes-all-things-new-101836,#101836,$9.50,190134018368,Box Sign - He Makes All Things New
https://wholesale.primitivesbykathy.com/wall-decor-ranunculus-102535,#102535,$24.50,190134025359,Wall Decor - Ranunculus
https://wholesale.primitivesbykathy.com/block-sign-love-deeply-101763,#101763,$5.00,190134017637,Block Sign - Love Deeply
https://wholesale.primitivesbykathy.com/planter-hedgehog-102444,#102444,$8.00,190134024444,Planter - Hedgehog
https://wholesale.primitivesbykathy.com/pick-floral-mix-purple-102494,#102494,$5.75,190134024949,Pick - Floral Mix Purple
https://wholesale.primitivesbykathy.com/mini-frame-better-together-101745,#101745,$3.00,190134017453,Mini Frame - Better Together
https://wholesale.primitivesbykathy.com/dish-towel-you-are-my-favorite-102859,#102859,$4.00,190134028596,Dish Towel - You Are My Favorite
https://wholesale.primitivesbykathy.com/desk-organizer-make-today-amazing-102832,#102832,$14.50,190134028329,Desk Organizer - Make Today Amazing
https://wholesale.primitivesbykathy.com/zipper-wallet-velvet-indigo-37937,#37937,,883504379373,Zipper Wallet - Velvet Indigo
https://wholesale.primitivesbykathy.com/plaque-frame-live-life-in-full-bloom-101729,#101729,$6.00,190134017293,Plaque Frame - Live Life In Full Bloom
https://wholesale.primitivesbykathy.com/block-sign-you-are-my-sunshine-102363,#102363,$5.00,190134023638,Block Sign - You Are My Sunshine
https://wholesale.primitivesbykathy.com/dish-towel-every-love-story-i-beautiful-101713,#101713,$4.00,190134017132,Dish Towel - Every Love Story I Beautiful
https://wholesale.primitivesbykathy.com/runner-monstera-leaf-102676,#102676,$16.50,190134026769,Runner - Monstera Leaf
https://wholesale.primitivesbykathy.com/block-sign-live-simply-102816,#102816,$5.00,190134028169,Block Sign - Live Simply
https://wholesale.primitivesbykathy.com/jar-red-rosette-succulent-102347,#102347,$5.50,190134023478,Jar - Red Rosette Succulent
https://wholesale.primitivesbykathy.com/bunny-standing-gray-102251,#102251,$6.75,190134022518,Bunny Standing - Gray
https://wholesale.primitivesbykathy.com/wreath-happy-spring-101229,#101229,$14.50,190134012298,Wreath - Happy Spring
https://wholesale.primitivesbykathy.com/dish-towel-a-simple-life-is-a-good-life-102657,#102657,$7.50,190134026578,Dish Towel - A Simple Life Is A Good Life
https://wholesale.primitivesbykathy.com/scarf-nursing-30741,#30741,,883504307413,Scarf - Nursing
https://wholesale.primitivesbykathy.com/wall-decor-onion-102529,#102529,$14.50,190134025298,Wall Decor - Onion
https://wholesale.primitivesbykathy.com/pot-turquoise-102884,#102884,$9.50,190134028848,Pot - Turquoise
https://wholesale.primitivesbykathy.com/dish-towel-my-happy-place-101779,#101779,$5.50,190134017798,Dish Towel - My Happy Place
https://wholesale.primitivesbykathy.com/flower-pot-bark-finish-102502,#102502,$7.50,190134025021,Flower Pot - Bark Finish
https://wholesale.primitivesbykathy.com/dish-towel-be-still-101764,#101764,$4.00,190134017644,Dish Towel - Be Still
https://wholesale.primitivesbykathy.com/pick-floral-mix-orange-102495,#102495,$5.75,190134024956,